{
    "gb_sent": 0.01047100406140089,
    "gb_received": 0.09512919280678034,
    "gb_total_used": 240
}